<?xml version="1.0" encoding="UTF-8" ?>
<results version="2">
    <cppcheck version="2.3" />
    <errors>
        <error id="unusedVariable" severity="style" msg="Unused variable: i" verbose="Unused variable: i" cwe="563" hash="320938130990092727">
            <location file="main.c" line="15" column="9" />
            <symbol>i</symbol>
        </error>
        <error id="missingIncludeSystem" severity="information" msg="Cppcheck cannot find all the include files (use --check-config for details)" verbose="Cppcheck cannot find all the include files. Cppcheck can check the code without the include files found. But the results will probably be more accurate if all the include files are found. Please check your project&apos;s include directories and add all of them as include directories for Cppcheck. To see what files Cppcheck cannot find use --check-config." />
    </errors>
</results>
